timestamp,5QI,rsrp_dbm,latency_ms,packet_loss_rate
2026-10-08 14:25:52.273655,82,-77.51642923494384,5.1692585158991715,0.0008773730719279554
2026-10-08 14:26:52.273655,82,-80.69132150585592,7.158709354469282,0.0007407686177542045
2026-10-08 14:27:52.273655,82,-76.76155730949654,7.314570966946461,0.000697015740995268
2026-10-08 14:28:52.273655,82,-72.38485071795988,6.395445461556762,0.0007024840839871093
2026-10-08 14:29:52.273655,82,-81.17076687361669,7.677428576667982,0.0003594911512197552
2026-10-08 14:30:52.273655,82,-81.1706847847459,8.808101713629076,0.0002935918442644934
2026-10-08 14:31:52.273655,82,-72.10393592246304,11.77237180242106,0.0008093611554785136
2026-10-08 14:32:52.273655,82,-76.16282635423545,8.349155625663679,0.0008101133946791807
2026-10-08 14:33:52.273655,82,-82.34737192967476,8.515100781445529,0.0008670723185801037
2026-10-08 14:34:52.273655,82,-77.28719978207018,7.851108168467666,0.0009132405525564713
2026-10-08 14:35:52.273655,82,-82.31708846406231,4.1624575694019175,0.0005113423988609378
2026-10-08 14:36:52.273655,82,-82.32864876785129,7.946972249101567,0.0005015162946871996
2026-10-08 14:37:52.273655,82,-78.79018864216982,8.120460419882052,0.0007982951789667752
2026-10-08 14:38:52.273655,82,-89.56640122328899,12.926484224970572,0.0006499639307777651
2026-10-08 14:39:52.273655,82,-88.62458916256516,7.615278070437755,0.0007019668772577034
2026-10-08 14:40:52.273655,82,-82.81143764620487,8.603094684667225,0.0007957926694361011
2026-10-08 14:41:52.273655,82,-85.06415560167211,7.9305764605895135,0.0008900053418175664
2026-10-08 14:42:52.273655,82,-78.42876333702363,5.6626439247609355,0.00033799515685153583
2026-10-08 14:43:52.273655,82,-84.54012037760606,10.285645629030041,0.00037558295263994404
2026-10-08 14:44:52.273655,82,-87.06151850667646,9.503866065373549,9.3981939840869e-05
2026-10-08 14:45:52.273655,82,-72.67175615539223,9.582063894086094,0.000578280140996174
2026-10-08 14:46:52.273655,82,-81.12888150243268,6.181225090410522,3.594227379674209e-05
2026-10-08 14:47:52.273655,82,-79.66235897656038,10.805588621872198,0.00046559801813246017
2026-10-08 14:48:52.273655,82,-87.12374093106729,5.196297874415438,0.0005426446347075766
2026-10-08 14:49:52.273655,82,-82.72191362262592,9.17371418760054,0.0002865412521282844
2026-10-08 14:50:52.273655,82,-79.44538705145067,12.380911251619956,0.0005908332605690107
2026-10-08 14:51:52.273655,82,-85.75496788711152,6.0189273497386235,3.050024993904943e-05
2026-10-08 14:52:52.273655,82,-78.12150990827163,6.867404540794456,3.734818874921442e-05
2026-10-08 14:53:52.273655,82,-83.00319344959402,8.199302730175283,0.0008226005606596583
2026-10-08 14:54:52.273655,82,-81.45846874896638,6.993048691767601,0.0003601906414112629
2026-10-08 14:55:52.273655,82,-83.00853306114699,4.898673137867735,0.00012706051265188478
2026-10-08 14:56:52.273655,82,-70.73860907745531,8.137125949612054,0.0005222432600548043
2026-10-08 14:57:52.273655,82,-80.06748612368968,5.87539257254779,0.0007699935530986108
2026-10-08 14:58:52.273655,82,-85.28855464477951,8.947184861270363,0.00021582102749684317
2026-10-08 14:59:52.273655,82,-75.88727543948406,6.1611515315323935,0.0006228904758190003
2026-10-08 15:00:52.273655,82,-86.10421824985511,11.09986881003508,8.5347464993768e-05
2026-10-08 15:01:52.273655,82,-78.95568202497623,6.433493415327526,5.1681721168607696e-05
2026-10-08 15:02:52.273655,82,-89.79835061939887,7.355876967588649,0.000531354631568148
2026-10-08 15:03:52.273655,82,-86.64093024449215,9.62703443473934,0.0005406351216101066
2026-10-08 15:04:52.273655,82,-79.01569382065438,5.53827136713209,0.0006374299014982066
2026-10-08 15:05:52.273655,82,-76.30766710002295,8.45491986920826,0.0007260913337226616
2026-10-08 15:06:52.273655,82,-79.14315859405015,10.614285508564857,0.0009758520794625347
2026-10-08 15:07:52.273655,82,-80.5782414119412,4.785033530877545,0.0005163003483011953
2026-10-08 15:08:52.273655,82,-81.50551847794644,8.36926771706461,0.00032295647294124596
2026-10-08 15:09:52.273655,82,-87.39260995183713,8.519765588496847,0.0007951861947687037
2026-10-08 15:10:52.273655,82,-83.59922104197355,9.56364574355462,0.00027083225126207423
2026-10-08 15:11:52.273655,82,-82.30319385479893,5.526098578243836,0.0004389714207056361
2026-10-08 15:12:52.273655,82,-74.71438886890542,5.359086773831447,7.845638134226596e-05
2026-10-08 15:13:52.273655,82,-78.28190855215769,9.043883131233795,2.5350743415457513e-05
2026-10-08 15:14:52.273655,82,-88.81520077681367,8.593969346466372,0.0009626484146779251
2026-10-08 15:15:52.273655,82,-78.37958015302603,8.500985700691754,0.0008359801205122058
2026-10-08 15:16:52.273655,82,-81.92541140208158,8.692896418993952,0.000695974206093698
2026-10-08 15:17:52.273655,82,-83.3846100015298,6.639950556843019,0.0004089529444142699
2026-10-08 15:18:52.273655,82,-76.94161855579566,8.464507394322007,0.00017329432007084577
2026-10-08 15:19:52.273655,82,-74.84500238752024,8.586144946597363,0.00015643704267108606
2026-10-08 15:20:52.273655,82,-75.34359940441901,6.571297163947264,0.00025024289816459534
2026-10-08 15:21:52.273655,82,-84.19608761611319,11.731549022289514,0.0005492266647061204
2026-10-08 15:22:52.273655,82,-81.54606187925607,8.947665841823575,0.0007145959227000623
2026-10-08 15:23:52.273655,82,-78.34368284298218,5.617393005594703,0.0006601973767177313
2026-10-08 15:24:52.273655,82,-75.1222743643882,9.31310721726766,0.00027993389694594287
2026-10-08 15:25:52.273655,82,-82.39587118922645,6.050636659545357,0.0009548652806631941
2026-10-08 15:26:52.273655,82,-80.92829488331908,9.574169207484903,0.0007378969166957685
2026-10-08 15:27:52.273655,82,-85.53167487003014,10.317191158014808,0.0005543540525114007
2026-10-08 15:28:52.273655,82,-85.98103312040335,6.358635363296579,0.0006117207462343523
2026-10-08 15:29:52.273655,82,-75.93737088802901,9.926752258488644,0.00041960006242778994
2026-10-08 15:30:52.273655,82,-73.21879985714588,8.825561853872996,0.0002477309895011575
2026-10-08 15:31:52.273655,82,-80.36005060790167,9.64412031998898,0.00035597267865126157
2026-10-08 15:32:52.273655,82,-74.98233551053988,11.793585965307894,0.0007578461104643692
2026-10-08 15:33:52.273655,82,-78.19181987476183,7.509223767994259,1.4393488629755868e-05
2026-10-08 15:34:52.273655,82,-83.22559877302562,6.492527671285021,0.00011607264050691623
2026-10-08 15:35:52.273655,82,-78.19302197245793,6.220971140748953,4.600264202175275e-05
2026-10-08 15:36:52.273655,82,-72.30981716767016,6.368379430069123,4.072880231897014e-05
2026-10-08 15:37:52.273655,82,-80.17913019554976,7.845796581171792,0.0008554605840110073
2026-10-08 15:38:52.273655,82,-72.17678172092997,8.682303949633289,0.0007036578593800237
2026-10-08 15:39:52.273655,82,-93.09872552044872,8.553381598660039,0.0004741738290873252
2026-10-08 15:40:52.273655,82,-75.89048747812389,9.654366498072047,9.783416065100148e-05
2026-10-08 15:41:52.273655,82,-79.56476465880914,8.026003783755813,0.0004916158751168323
2026-10-08 15:42:52.273655,82,-81.49503675232934,10.907068154314633,0.00047347177078056567
2026-10-08 15:43:52.273655,82,-79.54119611732249,7.470686333524088,0.0001732018699100152
2026-10-08 15:44:52.273655,82,-89.93784457300447,13.440338333179238,0.000433851649237973
2026-10-08 15:45:52.273655,82,-115.45535528510675,53.995998754332504,0.031160542573783496
2026-10-08 15:46:52.273655,82,-113.23504838054627,48.072995208766095,0.04329238882225991
2026-10-08 15:47:52.273655,82,-114.1570243967949,53.1286211883896,0.030224106207590536
2026-10-08 15:48:52.273655,82,-116.86809855946179,51.29628841923612,0.04792271976810694
2026-10-08 15:49:52.273655,82,-115.62436675107183,36.710049890779274,0.045752382555290357
2026-10-08 15:50:52.273655,82,-116.4790028039765,39.39818959803031,0.03286982082125055
2026-10-08 15:51:52.273655,82,-116.76809427083263,52.472936051232615,0.042526132033744925
2026-10-08 15:52:52.273655,82,-112.45119370893693,51.10370265433465,0.04263628622254047
2026-10-08 15:53:52.273655,82,-113.92895354210486,44.79098406035852,0.023093716065077978
2026-10-08 15:54:52.273655,82,-117.07872878578196,46.17327383308782,0.047076587200387
2026-10-08 15:55:52.273655,82,-79.5146122532598,7.106970095865957,7.056874740042984e-05
2026-10-08 15:56:52.273655,82,-75.15677504733556,9.712797588646945,0.0006424192782063156
2026-10-08 15:57:52.273655,82,-83.51026546938677,8.428187488260408,2.6511310541621813e-05
2026-10-08 15:58:52.273655,82,-81.63831073298884,5.508522442576024,0.0005857755812734634
2026-10-08 15:59:52.273655,82,-81.9605407656608,8.346361851702364,0.0009402302414249576
2026-10-08 16:00:52.273655,82,-87.31757474066059,8.770634759457673,0.0005754741778758789
2026-10-08 16:01:52.273655,82,-78.51939861467712,6.232285127597734,0.0003881699262065219
2026-10-08 16:02:52.273655,82,-78.69472363910056,8.307450211891055,0.0006432882184423532
2026-10-08 16:03:52.273655,82,-79.97443271678769,8.116417436892,0.00045825289049151666
2026-10-08 16:04:52.273655,82,-81.17293566687573,5.714059404338753,0.000545616789315935
