timestamp,ctr_percentage,save_rate_percentage,avg_dwell_time_sec,relevance_score
2027-05-10 12:00:00,2.977196883034015,1.212310666367251,39.49999752861928,0.7668952608672484
2027-05-10 12:05:00,2.7877357771137232,1.3282916344481743,40.386369138838276,0.9704021861246173
2027-05-10 12:10:00,3.237066307412798,1.42451673142269,66.91291980520595,0.8891693572754211
2027-05-10 12:15:00,4.0974514779082405,1.533751197327858,40.74708668344847,0.869072771246
2027-05-10 12:20:00,3.6146391131165343,1.213309428621956,46.181851107186255,0.8523277299189451
2027-05-10 12:25:00,3.550883135265509,1.564593824863699,36.40109557965164,0.8389267608742973
2027-05-10 12:30:00,2.717829318006071,1.4840944156215425,58.15248011073047,0.926133078068886
2027-05-10 12:35:00,2.9536504541948525,1.2083032228475863,35.88563751957582,0.9285966946002601
2027-05-10 12:40:00,3.6436690919254318,1.2900650665601106,71.98657417271195,0.9291020236486861
2027-05-10 12:45:00,2.9180710897348825,1.6785019347975323,40.8013459195725,0.7955215976393479
2027-05-10 12:50:00,2.7342992331160776,1.4854443555089927,32.18098324332421,0.8533876145219491
2027-05-10 12:55:00,3.4507020830316066,1.6942657531188023,56.42947578563161,0.8917838725888313
2027-05-10 13:00:00,3.0956274789936997,1.6994678795628793,29.958689148804346,0.8224734122947596
2027-05-10 13:05:00,3.5370429775463723,1.4842268307748117,73.40716760979637,0.8017336403583628
2027-05-10 13:10:00,3.7479514233322493,1.4687969571474075,38.834761611467485,0.9268505163702051
2027-05-10 13:15:00,3.6182359299529496,1.61679590986045,53.318211764781196,0.8647841132634442
2027-05-10 13:20:00,2.6917666626805192,1.572302821983741,29.196624074840493,0.8971633419563997
2027-05-10 13:25:00,2.264090532469748,1.3176699294585472,70.28886606178354,0.8956107162646203
2027-05-10 13:30:00,2.9617794157961423,1.1597961789667948,43.43123672639889,0.9691708636064742
2027-05-10 13:35:00,2.384856647401123,1.4326017919769165,30.181673715857386,0.860233909394056
2027-05-10 13:40:00,3.2007047146067755,1.5171384217636952,41.515144212608035,0.9033835354905171
2027-05-10 13:45:00,2.79247199821588,1.2700496200036904,39.09171188213581,0.9636551883833595
2027-05-10 13:50:00,3.211003184785885,1.2017497699259545,43.229904982472306,0.7606568204646124
2027-05-10 13:55:00,3.499022630898584,1.1951403409821395,50.17604851441197,0.9647255216519703
2027-05-10 14:00:00,1.79014259246245,0.5579295234262283,57.19621007159847,0.7037878888509556
2027-05-10 14:05:00,1.7140853323491216,0.535575171668656,53.330158425136815,0.6080837583986352
2027-05-10 14:10:00,1.8171941582793398,0.401813411219861,56.753602855027225,0.8089833494924439
2027-05-10 14:15:00,1.5484572475927152,0.47914291255184316,48.84265477670122,0.7372678671278533
2027-05-10 14:20:00,1.6403170819149573,0.46571874152346815,18.790365175373218,0.7387802766300549
2027-05-10 14:25:00,1.6786453209032959,0.4110137708792759,35.752048563791845,0.6275812360905038
2027-05-10 14:30:00,1.5109510777548756,0.5247769725209555,25.73709062922198,0.8030267691355965
2027-05-10 14:35:00,1.1445886164556276,0.5067033232778284,27.929903253386772,0.6265750687488009
2027-05-10 14:40:00,1.702609222764218,0.482904555160244,41.11887775614262,0.7388999080013011
2027-05-10 14:45:00,1.3732382336175797,0.4381641760801769,58.44303215131434,0.7101553156547609
2027-05-10 14:50:00,1.4815389449822365,0.3983977582332728,61.03057573103746,0.6242582760236698
2027-05-10 14:55:00,3.246090187125938,1.596801044840596,32.51620100464285,0.8652216684859317
2027-05-10 15:00:00,3.5425269433638076,1.2238416241178518,31.50529641553076,0.7790065622914474
2027-05-10 15:05:00,3.2052821222929158,1.2804740514619917,29.920331102529317,0.9050663401082237
2027-05-10 15:10:00,2.9133070319596372,1.4486025917010361,37.10961935991854,0.8994231941213173
2027-05-10 15:15:00,3.185856060572279,1.604263079474095,27.14697008180311,0.8603243263380522
2027-05-10 15:20:00,3.4559675023579772,1.3320093845352439,62.07975954964857,0.9061894968358482
2027-05-10 15:25:00,3.0512329930244513,1.4909145892374642,49.12539225512998,0.8828737519720099
2027-05-10 15:30:00,3.103361725320199,1.632506366287406,55.46826681513297,0.9311966327405892
2027-05-10 15:35:00,3.568153739707559,1.6066799039048736,46.552520452863746,0.7699588398461366
2027-05-10 15:40:00,2.6668948132402712,1.1552050504760254,29.720859285859596,0.8922983549128669
2027-05-10 15:45:00,3.080797201475358,1.7090640180956675,45.23664573188118,0.8383628767471322
2027-05-10 15:50:00,3.6553284140657842,1.1235461239802413,46.77054278946048,0.9753696717685987
2027-05-10 15:55:00,1.9984554153813825,1.7345632988247957,28.851460772609165,0.9219708282739005
2027-05-10 16:00:00,2.81581185741253,1.4680757384273404,40.43928923407105,0.8902311353453627
2027-05-10 16:05:00,3.6049965007700977,1.1814902320083525,59.15246561779916,0.9641912099128046
2027-05-10 16:10:00,3.088530370282482,1.4444829397822285,42.02057037954103,0.8554630169114924
2027-05-10 16:15:00,2.9607372208698166,1.6594799249036538,28.286607947369525,0.8358803718475548
2027-05-10 16:20:00,3.4500106394536,1.578132127584089,41.08694094170283,0.8042045832264595
2027-05-10 16:25:00,2.96175790982649,1.075090684714294,45.76188028088315,0.8906092715033027
2027-05-10 16:30:00,2.4678611534398596,1.7257205993769291,12.574975416619651,0.8187145966592058
2027-05-10 16:35:00,2.930314427666154,1.713956298372823,47.7032340161827,0.7929575409186267
2027-05-10 16:40:00,3.123096176774901,1.4865242457875734,58.21880992492733,0.8646607715976263
2027-05-10 16:45:00,2.985746436346089,1.7904998253030575,37.65041472807991,0.8028277888133228
2027-05-10 16:50:00,3.5628249417418125,1.3396965499019307,43.49765314265228,0.8832295924886951
2027-05-10 16:55:00,2.777255827308492,1.591100936987055,35.76419973685771,0.890395541280161
2027-05-10 17:00:00,3.1360369268936457,1.374904692511879,47.51654559020572,0.8415963287668999
2027-05-10 17:05:00,3.240925812294394,1.160277479988628,57.173838681739205,0.9108523346849381
2027-05-10 17:10:00,3.0812432287519056,1.5283579415536628,47.068072247207155,0.9648969798158635
2027-05-10 17:15:00,2.6972601955668494,1.3975078631646687,36.557273312810324,0.8403584700122262
2027-05-10 17:20:00,2.5022203823086335,1.6747460314605969,56.12927783248601,0.9331189907633239
2027-05-10 17:25:00,2.559786683963604,1.4889229714020444,42.931626360077985,0.7988706748403139
2027-05-10 17:30:00,2.609145127042857,1.7318294631729134,44.43396868165246,0.7553153709853418
2027-05-10 17:35:00,3.010797049037537,1.6563629464433685,30.164260397768032,0.9029410922233686
2027-05-10 17:40:00,2.7973230591165303,1.486350261454209,32.51978890917353,0.7743015071136419
2027-05-10 17:45:00,2.8687532082399323,1.323370019103427,43.17518402056317,0.8123999770051432
2027-05-10 17:50:00,3.836377557428599,1.154977738556815,63.66175104919078,0.7870892105594977
2027-05-10 17:55:00,3.5399738581741245,1.3891103080591385,39.0387294836203,0.8026144072815093
2027-05-10 18:00:00,3.2613174007848533,1.8741597089980864,54.68831200283216,0.7642942599843183
2027-05-10 18:05:00,3.291688584851113,1.6722262076504346,45.675978127001954,0.7674127447623027
2027-05-10 18:10:00,3.8191622961947123,1.2644318290725383,26.86931507618513,0.8087733899492915
2027-05-10 18:15:00,3.1914219703839364,1.641311922574853,49.377660869100495,0.7631726167049142
2027-05-10 18:20:00,3.19797109355617,1.8884893906690305,60.640857439513674,0.8584306526312507
2027-05-10 18:25:00,3.6225239202998973,1.6142421914680378,39.01519210289304,0.834667972614036
2027-05-10 18:30:00,2.6388880981519023,0.9379798315470472,39.35915465270715,0.8743396222620723
2027-05-10 18:35:00,3.885794925909389,1.4519558183678203,41.75291416807562,0.8054494730634748
2027-05-10 18:40:00,3.1899555499937513,1.6175632649366396,35.707438394574964,0.8272479590881537
2027-05-10 18:45:00,1.8983847553996986,1.4364292987740688,37.1188755820529,0.8124776458459558
2027-05-10 18:50:00,3.761850340065348,1.4281707197536713,28.917874734373147,0.8877667085597516
2027-05-10 18:55:00,2.635384816243498,1.5260520765817716,29.925030507160965,0.8993548542597094
2027-05-10 19:00:00,3.892911728533793,1.4849447545285006,49.94904112418067,0.9158885554613411
2027-05-10 19:05:00,2.828088166074072,1.3045364817365486,16.25085193488833,0.8446888762015867
2027-05-10 19:10:00,4.052804711280341,1.469149421971849,74.00596812250221,0.8666213062464649
2027-05-10 19:15:00,3.204563034547822,1.601301379347787,47.8253999509522,0.8271241897796212
2027-05-10 19:20:00,3.379654841938652,1.5745942205976822,26.288168080937826,0.8114524083500437
2027-05-10 19:25:00,2.3454855518069158,1.3064236408038699,47.994153202164746,0.8567996021726738
2027-05-10 19:30:00,3.520065319180385,1.4850609774117836,17.102538462396836,0.8809343948179638
2027-05-10 19:35:00,2.748333013186428,1.4664620288765593,51.046903157953395,0.9745960511636728
2027-05-10 19:40:00,3.284845666905878,1.6279427622698042,47.32401960619201,0.9589181596891327
2027-05-10 19:45:00,2.7146378381154426,1.6199968946679497,35.3270529968496,0.7744826671578457
2027-05-10 19:50:00,3.65922892249178,1.124694990983035,68.7209798807639,0.8127569296767602
2027-05-10 19:55:00,3.4828131289824458,1.415235614883436,62.093086648884984,0.906787797554794
2027-05-10 20:00:00,3.626327889670667,1.6155659679595258,52.98665599502381,0.9631125688251868
2027-05-10 20:05:00,3.283339131124713,0.9553387566361699,26.552166378282536,0.9004693917870467
2027-05-10 20:10:00,3.2115106870457764,1.376945918957994,31.45559627533593,0.8478156161267347
2027-05-10 20:15:00,3.0942349972794223,1.757569464486695,27.995271229282874,0.7533157252745077
